{"cameraMode":{"drawMode":0,"name":"Shaded","section":"Shading Mode"},"sceneLighting":true,"audioPlay":false,"sceneViewState":{"m_AlwaysRefresh":false,"showFog":true,"showSkybox":true,"showFlares":true,"showImageEffects":true,"showParticleSystems":true,"showVisualEffectGraphs":true,"m_FxEnabled":true},"in2DMode":false,"pivot":{"x":0.00036078691482543945,"y":31.34000015258789,"z":0.05185456573963165},"rotation":{"x":0.5695662498474121,"y":-0.18985751271247865,"z":0.13613317906856538,"w":0.7882756590843201},"size":0.49014538526535036,"orthographic":false}